branch_id,branch_name,branch_location,manager_name
1,Reed-Pugh,West Josephburgh,Nicole Calderon
2,Hodges-Arellano,Danielhaven,Gloria Warren
3,Aguirre-Taylor,West Kristyton,Marie Snyder
4,Sloan-Kerr,North Tamara,Jeffery Davis
5,Baker-Reynolds,Mikeview,Amy Barry
6,Delgado PLC,West George,Ryan Wilkinson
7,Nguyen-Brown,Amyside,Michael Dixon
8,Miller and Sons,Lake Christopherstad,James Henderson
9,Olson-Marshall,West Leah,Donald Jones
10,"Anderson, Wright and Bauer",West Paul,Kyle Martinez
11,Gaines Group,Williamsland,Catherine Moreno
12,"Macdonald, Turner and Randall",Lindaview,Nicholas Cohen
13,"Gray, Cortez and Benson",New Donna,David Brown
14,"Howell, Hubbard and Andrews",Maryfurt,James Henry
15,Long PLC,East Joseph,Emily Jenkins
16,Harper-Durham,South Stephanie,David Odonnell
17,"Christensen, Collins and Nichols",Port Samantha,Cynthia Morris
18,Anderson Ltd,Mitchellborough,Kristin Smith
19,Morgan LLC,Troyside,Eileen Dawson
20,George PLC,Port Nicholasmouth,Crystal Adams
21,Cox-Maynard,North Deborahborough,Alexander Woods
22,"Leonard, Nichols and Johnson",Lake Jason,Jessica Warren
23,"Berg, Ray and Lewis",West Cassandra,Shawn Chavez
24,Harris-Garcia,Holtfurt,Wendy Johnson
25,Edwards Inc,Lake Ryanton,Kimberly Oliver
26,Stewart-Carpenter,East Edwinville,Charles Black
27,Lynch LLC,West Alecmouth,Mr. Raymond Rose
28,"Gill, Jordan and Caldwell",East Bonnie,Andrew Rivera
29,Rios-Kelley,Longside,Timothy Pham
30,"Smith, Christensen and Ross",South Mark,Caroline Holder
31,"Carr, Harris and Meyer",Richardfurt,Amber Brown
32,"Richardson, Armstrong and Cook",East Ericafort,Brian Trujillo
33,Nelson-Mcdowell,Newmanton,Judy Barker
34,Donaldson Ltd,Amyhaven,Virginia Brock
35,Blackburn-Clark,East Harry,Joseph Terrell
36,"Berger, Rivera and Leach",Port Adamtown,Victor Cannon
37,Harrington-Warren,Lake Matthew,Matthew Boyd
38,Davis LLC,Adamston,Joseph Fields
39,"Franco, Martin and Ewing",Gonzalezmouth,Sabrina Jordan
40,Hernandez-Simpson,Stephaniechester,Mary Acosta
41,"Delgado, Wilcox and Santiago",New Michaelmouth,Danielle Smith
42,Gonzalez-Reynolds,New Daisy,Richard Johnson DVM
43,Skinner PLC,East Amytown,Robert Buchanan
44,Lindsey-Nichols,East Don,Mary Gutierrez
45,"Whitehead, Marquez and Kane",Chaseborough,Mitchell Benitez
46,Chen-Delgado,Lake Michelle,Jared Hill
47,Morales-Grimes,Nunezview,Colleen Roman
48,Alvarez Inc,East Thomaschester,Thomas Perry
49,Day-Reyes,Livingstonton,Paul Gregory
50,Higgins-Gibson,West Walter,Edward Mcdaniel
51,Livingston LLC,Alexanderfurt,Marie Rodriguez
52,Perkins and Sons,Leonardborough,Megan Murphy
53,Smith LLC,Watsonton,Harry Espinoza
54,"Flynn, Johnson and Russo",New Ericbury,Tabitha Aguilar
55,Lee-Orr,Halltown,Gabriel Brown
56,Bryant PLC,Wardstad,John Schneider
57,"Aguilar, Ruiz and Mullen",Kristinfurt,Eduardo Kidd
58,Hall Group,Port Robertburgh,James Mckinney Jr.
59,Peterson Inc,North Heatherstad,Michele Wells
60,Mitchell-Taylor,Lake Amandaberg,Lisa Diaz
61,"Buchanan, Jackson and Morgan",South Waynehaven,Patricia Campbell
62,Trevino LLC,North Tracyton,Mark Hayden
63,Wang-Jones,Lake Kathleen,Monica Brown
64,"Crawford, Freeman and Flores",New Zoeville,Jennifer King
65,Adkins and Sons,Lake Jessicamouth,John Moody
66,"Vega, Shaw and White",West Christopherburgh,David Moore
67,"Rivera, Miles and Jones",South Lisashire,Rachel Bell
68,"Jackson, Cox and Tucker",South Kennethton,Joseph Oneill
69,Kelly-Valdez,Port Gregory,Eugene Price
70,Cole Group,East Jennifer,Tyler Armstrong
71,"Zuniga, Hale and Payne",East Tammymouth,Holly Benton
72,Fuller Ltd,Kathyview,Jerome Jones
73,Lloyd Group,Mccannhaven,Heather Turner
74,Wheeler Group,Austinchester,Theresa Thompson
75,Austin-Nelson,South Richard,William Watkins
76,"Reyes, Moore and Stephens",Lake Raymondmouth,Elizabeth Moyer
77,Rodriguez-Wong,East Nancyhaven,Courtney Flores
78,"Perry, Ramirez and Reeves",Johnburgh,Ryan Aguilar
79,Barron Group,Josephfort,Barbara Cole
80,Hansen and Sons,North Christopherville,Andrea Reynolds
81,Mcdonald LLC,Williammouth,Leah Gross
82,Roach Ltd,North Jamie,Edward Martin
83,Keller-Reilly,East Stephanieville,Ernest Hendrix
84,Campbell and Sons,New Ericton,Lisa Mccarthy
85,"Oconnor, Perez and Johnson",Lake Danielle,Michael Edwards
86,Wells Ltd,Lopezfurt,Patricia Thomas
87,"Henry, Frank and Banks",Lake Adrian,Amanda Flores
88,Stone-Richmond,Vincentberg,Anna Evans
89,Kelly-Gutierrez,Jamesshire,Andrew Davis
90,Olson-White,Vaughanshire,Leonard Mueller
91,Armstrong LLC,South Andrewtown,Dennis Saunders
92,Francis and Sons,Wernerborough,Laura Smith
93,Bowen-Rojas,Hernandezburgh,Laura Smith
94,Sims-Tran,Braybury,Madison Allen
95,"Maynard, Woods and Wilson",South Timothy,Gary Hill
96,"Powell, Duran and Abbott",East Anthonyborough,Yvonne Bell
97,"Fisher, Bradley and Russell",New Andrewview,Joshua Mcbride
98,"Freeman, Compton and Davis",Aaronstad,Alicia Barrett
99,Barnett PLC,North Heidifurt,Pamela Morris
100,Zhang-Kelly,East Deniseberg,Brian Garcia
